{
  "menu": [
    {
      "title": "صفحه اصلی",
      "icon": "home",
      "link": "/home",
      "home": true
    },
    {
      "title": "مدیریت درخواست های اعتباری",
      "icon": "credit_card",
      "children": [
        {
          "title": "ثبت درخواست",
          "link": "/stepper"
        },
        {
          "title": "پیگیری درخواست",
          "link": "/list"
        }
      ]
    },
    {
      "title": "لیست درخواست های اینترنتی",
      "icon": "list",
      "link": "/InternetRequestsList"
    },
    {
      "title": "استعلامات عمومی",
      "icon": "group",
      "link": "/Inquiry"
    },
    {
      "title": "فروش اقساطی",
      "icon": "av_timer",
      "link": "/Leasing"
    },
    {
      "title": "پیشنهاد تسهیلات مرابحه",
      "icon": "flare",
      "link": "/OfferWorkingFacilities"
    },
    {
      "title": "عقد قرض الحسنه",
      "icon": "tonality",
      "link": "/ContractBorrowMoney"
    },
    {
      "title": "لیزینگ",
      "icon": "donut_small",
      "link": "/leasing"
    },
    {
      "title": "پیگیری درخواست",
      "icon": "search",
      "link": "/SearchRequest"
    },
    {
      "title": "درخواست شعبه",
      "icon": "business",
      "link": "/BranchRequest"
    }
  ],
  "speedAccessMenu": [
    {
      "title": "درخواست شعبه",
      "icon": "business",
      "link": "/BranchRequest",
      "description": "ایجاد درخواست تسهیلات"
    },
    {
      "title": "پیگیری درخواست",
      "icon": "search",
      "link": "/SearchRequest",
      "description": "پیگیری درخواست تسهیلات"
    },
    {
      "title": "استعلامات عمومی",
      "icon": "group",
      "link": "/Inquiry",
      "description": "استعلامات و پیگیری های تسهیلات"
    },
    {
      "title": "فروش اقساطی",
      "icon": "av_timer",
      "link": "/Leasing",
      "description": "تسهیلات فروش اقساطی"
    }
  ]
}
